<?xml version="1.0" encoding="UTF-8"?>
<project-private xmlns="http://www.netbeans.org/ns/project-private/1">
    <editor-bookmarks xmlns="http://www.netbeans.org/ns/editor-bookmarks/2" lastBookmarkId="0"/>
    <open-files xmlns="http://www.netbeans.org/ns/projectui-open-files/2">
        <group>
            <file>file:/Users/soniarode/Desktop/yiiProject/views/profiles/index.php</file>
            <file>file:/Users/soniarode/Desktop/yiiProject/controllers/ProfilesController.php</file>
            <file>file:/Users/soniarode/Desktop/yiiProject/views/site/index.php</file>
            <file>file:/Users/soniarode/Desktop/yiiProject/views/layouts/main.php</file>
            <file>file:/Users/soniarode/Desktop/yiiProject/controllers/SiteController.php</file>
            <file>file:/Users/soniarode/Desktop/yiiProject/views/profiles/view.php</file>
        </group>
    </open-files>
</project-private>
